2.21.Key,00.02.Site Name,00.04.State,00.03.Region,TIPO,STATUS,Prioridade,TITULO,DATA ,OBS,
2021.002502,PEPE00 - UUUU01,AL,TNE,VALIDAÇÃO,FEITO,,PEPE00 - UUUU01 (2021.002502),5/5/2005,,
2023.002356,4G-PEAG94 - PEDV42,MG,TLE,VALIDAÇÃO,FEITO,,4G-PEAG94 - PEDV42 (2023.002356),5/5/2005,,
2022.003010,DMAR10 - JETI02,ES,TRJ,VALIDAÇÃO,FEITO,,DMAR10 - JETI02 (2022.003010),5/5/2005,,
2023.002425,4G-RAAG90 - RASMW01,GO,TCO,SAVING,FEITO,,4G-RAAG90 - RASMW01 (2023.002425),5/5/2005,,
2023.000113,4G-PPRSG0 - DOSMW01,MS,TCO,SAVING,FEITO,,4G-PPRSG0 - DOSMW01 (2023.000113),5/5/2005,,
2023.002390,4G-CAITI1 - 4G-AVOTI0,TO,TCO,SAVING,FEITO,,4G-CAITI1 - 4G-AVOTI0 (2023.002390),5/5/2005,,
2023.002391,4G-AVOTI2 - 4G-AVOTJ1,TO,TCO,SAVING,FEITO,,4G-AVOTI2 - 4G-AVOTJ1 (2023.002391),5/5/2005,,
2021.003099,SR-STTZJ0 - MEXMW01,PE,TNE,VALIDAÇÃO,FEITO,,SR-STTZJ0 - MEXMW01 (2021.003099),5/5/2005,,
2022.002769,SCSC01 - SCSC03,PE,TNE,VALIDAÇÃO,FEITO,,SCSC01 - SCSC03 (2022.002769),5/5/2005,,
2023.000426,PETR02 - PETR06,RJ,TRJ,VALIDAÇÃO, ,,PETR02 - PETR06 (2023.000426),5/5/2005,,
2022.001957,SKMS01 - SKCT01,SP,TSP,VALIDAÇÃO,FEITO,,SKMS01 - SKCT01 (2022.001957),5/5/2005,,
2022.002279,4G-SBRG80 - 4G-SBRG08,MG,TLE,VALIDAÇÃO,FEITO,,4G-SBRG80 - 4G-SBRG08 (2022.002279),5/5/2005,,
2021.005497,GMGM05 - GMGM06,RN,TNE,MODERNIZAÇÃO,sem doc,,GMGM05 - GMGM06 (2021.005497),5/5/2005,,
2022.003185,ANBH33 - TTBH34,MG,TLE,VALIDAÇÃO,FEITO,,ANBH33 - TTBH34 (2022.003185),7/7/2023,,
2022.003043,NSCT01 - MHRD01,SP,TSP,VALIDAÇÃO,FEITO,,NSCT01 - MHRD01 (2022.003043),7/7/2023,,
2023.002874,RVMI01 - 4G-YFBB91,SP,TSP,VALIDAÇÃO,FEITO,,RVMI01 - 4G-YFBB91 (2023.002874),7/10/2023,,
2021.001829,LRLR01 - ARAR05,AL,TNE,VALIDAÇÃO,FEITO,,LRLR01 - ARAR05 (2021.001829),7/10/2023,,
2021.003134,PPPP01 - PPPP03,PI,TNE,VALIDAÇÃO,FEITO,,PPPP01 - PPPP03 (2021.003134),7/10/2023,,
2023.002862,XING01 - XGAMW02,PA,TNO,VALIDAÇÃO,FEITO,,XING01 - XGAMW02 (2023.002862),7/11/2023,,
2023.002871,WMTM01 (46) - PR5164 (42),SP,TSP,VALIDAÇÃO,SUPORTE/ALTURAS,HIGH,WMTM01 (46) - PR5164 (42) (2023.002871),7/11/2023,"TEM QUE ESPERAR RESPOSTA DO CRIS, E MUDAR O CALCULO OU NÃO",
2022.001356,SR-GVGVA0 - GVGV00,PE,TNE,VALIDAÇÃO,FEITO,,SR-GVGVA0 - GVGV00 (2022.001356),7/11/2023,,
2022.003186,MNDT02 - FLCS00,CE,TN,VALIDAÇÃO,FEITO,,MNDT02 - FLCS00 (2022.003186),7/11/2023,,
2021.003040,4S-PRS009 - PR5139,PR,TSL,VALIDAÇÃO,FEITO,,4S-PRS009 - PR5139 (2021.003040),7/12/2023,,
2023.002719,CMDV13 - RP13,MG,TLE,VALIDAÇÃO,FEITO,,CMDV13 - RP13 (2023.002719),7/13/2023,,
2022.001380,4G-PIDE91 - 4G-SAEU91,MG,TLE,VALIDAÇÃO,FEITO,,4G-PIDE91 - 4G-SAEU91 (2022.001380),7/13/2023,,
2022.001966,4G-SACA91 - 4G-SAEU91,MG,TLE,VALIDAÇÃO,FEITO,,4G-SACA91 - 4G-SAEU91 (2022.001966),7/13/2023,40 - 42,
2023.003028,4G-INOSI4 - PNBMW01,MS,TCO,VALIDAÇÃO,FEITO,,4G-INOSI4 - PNBMW01 (2023.003028),7/14/2023,,
2023.003060,PNBMW01 - CLAMW01,MS,TCO,VALIDAÇÃO,FEITO,,PNBMW01 - CLAMW01 (2023.003060),7/14/2023,,
2023.003061,CLAMW01 - NLCLAS02,MS,TCO,VALIDAÇÃO,FEITO,,CLAMW01 - NLCLAS02 (2023.003061),7/14/2023,,
2022.000668,4G-MGS051 - OOCN01,MG,TLE,VALIDAÇÃO,FEITO,,4G-MGS051 - OOCN01 (2022.000668),7/17/2023,,
2022.000670,4G-MGS088 - SFIMW03,MG,TLE,VALIDAÇÃO,FEITO,,4G-MGS088 - SFIMW03 (2022.000670),7/17/2023,,
2023.003020,4G-PNBSI3 - 4G-PNBSI4,MS,TCO,VALIDAÇÃO,FEITO,,4G-PNBSI3 - 4G-PNBSI4 (2023.003020),7/17/2023,,
2023.003017,4G-ATDSI2 - 4G-PNBSI6,MS,TCO,VALIDAÇÃO,FEITO,,4G-ATDSI2 - 4G-PNBSI6 (2023.003017),7/17/2023,,
2023.003018,4G-PNBSI6 - 7NLPNBS01,MS,TCO,VALIDAÇÃO,FEITO,,4G-PNBSI6 - 7NLPNBS01 (2023.003018),7/17/2023,,
2023.003026,4G-SWYSI4 - 4G-TLSSI0,MS,TCO,VALIDAÇÃO,FEITO,,4G-SWYSI4 - 4G-TLSSI0 (2023.003026),7/18/2023,,
2023.003021,4G-PNBSI4 - PNBMW02,MS,TCO,VALIDAÇÃO,FEITO,,4G-PNBSI4 - PNBMW02 (2023.003021),7/18/2023,,
2023.003058,PNBMW02 - 7NLPNBS01,MS,TCO,MODERNIZAÇÃO,FEITO,,PNBMW02 - 7NLPNBS01 (2023.003058),7/18/2023,,
2023.003104,JUCT01 - JUMA01,SP,TSP,MODERNIZAÇÃO,FEITO,,JUCT01 - JUMA01 (2023.003104),7/19/2023,,
2023.003293,GDOR03 - CENR02,RS,TSL,MODERNIZAÇÃO,FEITO,,GDOR03 - CENR02 (2023.003293),7/19/2023,,
2023.003027,4G-TLSSI0 - 4G-TLSS04,MS,TCO,VALIDAÇÃO,FEITO,,4G-TLSSI0 - 4G-TLSS04 (2023.003027),7/19/2023,,
2023.003041,4G-ATDSI3 - NLSWYS01,MS,TCO,VALIDAÇÃO,FEITO,,4G-ATDSI3 - NLSWYS01 (2023.003041),7/19/2023,,
2023.003042,4G-ATDSI4 - NLSWYS01,MS,TCO,VALIDAÇÃO,FEITO,,4G-ATDSI4 - NLSWYS01 (2023.003042),7/19/2023,,
2023.000470,SR-ITAG17 - SR-ITAG10,RJ,TRJ,,FEITO,,SR-ITAG17 - SR-ITAG10 (2023.000470),7/20/2023,,
2022.003131,DVCE51 - PR5435,PR,TSL,,FEITO,,DVCE51 - PR5435 (2022.003131),7/20/2023,,
2023.000093,NLPDFT04 - 4G-PDFTG2,TO,TCO,,FEITO,,NLPDFT04 - 4G-PDFTG2 (2023.000093),7/20/2023,,
2022.000667,4G-MGS172 - RP74,MG,TLE,,FEITO,,4G-MGS172 - RP74 (2022.000667),7/20/2023,,
2023.003031,4G-INOSI1 - 4G-INOSI5,MS,TCO,NEW,FEITO,,4G-INOSI1 - 4G-INOSI5 (2023.003031),7/21/2023,,
2023.003039,4G-CLASI3 - 4G-CLASI4,MS,TCO,NEW,FEITO,,4G-CLASI3 - 4G-CLASI4 (2023.003039),7/21/2023,,
2023.003019,4G-PNBSI2 - 4G-PNBSI3,MS,TCO,NEW,FEITO,,4G-PNBSI2 - 4G-PNBSI3 (2023.003019),7/21/2023,,
2023.003036,4G-PNBSI0 - 4G-CLASI5,MS,TCO,NEW,FEITO,,4G-PNBSI0 - 4G-CLASI5 (2023.003036),7/21/2023,,
2023.001665,ES5824 - MILMW01,ES,TRJ,,FEITO,,ES5824 - MILMW01 (2023.001665),7/24/2023,"MUDAR ALTURAS 17 , 38",
2023.001646,PR4068 - SQOMW01,PR,TSL,,FEITO,,PR4068 - SQOMW01 (2023.001646),7/24/2023,"PONTA A  17,5",
2023.002866,SGBR01 - SGBR04,RS,TSL,NOVO,FEITO,,SGBR01 - SGBR04 (2023.002866),7/24/2023,"60, 44,5",
2023.002867,STOR01 - STOR02,RS,TSL,NOVO,FEITO,,STOR01 - STOR02 (2023.002867),7/24/2023,"61,  51",
2023.003292,CENR01 - CENR05,RS,TSL,MODERNIZAÇÃO,FEITO,,CENR01 - CENR05 (2023.003292),7/25/2023,"52,8 - 24",
2023.003294,CENR02 - CENR05,RS,TSL,MODERNIZAÇÃO,FEITO,,CENR02 - CENR05 (2023.003294),7/25/2023,31 - 32,
2022.003373,SMGO00 - TOTO00,RN,TNE,MODERNIZAÇÃO,FEITO,,SMGO00 - TOTO00 (2022.003373),7/25/2023,"49,2 - 50",
2022.000404,SEFS01 - SEVMW02,BA,TNE,MODERNIZAÇÃO,FEITO,,SEFS01 - SEVMW02 (2022.000404),7/25/2023,44 - 37,
2022.002634,4G-GVCA81 - MG3065,MG,TLE,VALIDAÇÃO,FEITO,,4G-GVCA81 - MG3065 (2022.002634),7/26/2023,30 - 31,
2023.003035,4G-PNBSI1 - 4G-PNBSI0,MS,TCO,NEW,FEITO,,4G-PNBSI1 - 4G-PNBSI0 (2023.003035),7/26/2023,,
2023.003053,4G-CLASI0 - 4G-CSF0I2,MS,TCO,NEW,FEITO,,4G-CLASI0 - 4G-CSF0I2 (2023.003053),7/26/2023,,
2023.003032,4G-INOSI5 - 4G-INOSI0,MS,TCO,NEW,FEITO,,4G-INOSI5 - 4G-INOSI0 (2023.003032),7/26/2023,,
2023.003034,4G-PNBSI5 - NLCLAS02,MS,TCO,NEW,FEITO,,4G-PNBSI5 - NLCLAS02 (2023.003034),7/26/2023,68 - 46,
2023.003022,4G-ATDSI5 - 4G-ATDSJ2,MS,TCO,NEW,FEITO,,4G-ATDSI5 - 4G-ATDSJ2 (2023.003022),7/27/2023,4G-ATDSI5 (saving rf) - 4G-ATDSJ2 (saving rf),
2023.003033,4G-INOSI0 - 4G-PNBSI5,MS,TCO,NEW,FEITO,,4G-INOSI0 - 4G-PNBSI5 (2023.003033),7/27/2023,,
2023.002432,NLGURT02 - NLGURT01,TO,TCO,MODERNIZAÇÃO,FEITO,,NLGURT02 - NLGURT01 (2023.002432),7/27/2023,"38,5 - 40",
2022.002948,SBSB02 - SBSB00,PB,TNE,MODERNIZAÇÃO,FEITO,,SBSB02 - SBSB00 (2022.002948),7/27/2023,"42,4 - 34,5",
2022.003415,CCCC17 - GAGA02,CE,TNE,MODERNIZAÇÃO,FEITO,,CCCC17 - GAGA02 (2022.003415),7/28/2023,81 - 36,
2023.001391,PR5432 - PR5328,PR,TSL,MODERNIZAÇÃO,FEITO,,PR5432 - PR5328 (2023.001391),7/28/2023,"46,5 - 47",
2023.001385,PNCP01 - MAFL01,PR,TSL,MODERNIZAÇÃO,FEITO,,PNCP01 - MAFL01 (2023.001385),7/28/2023,36 - 43,
2023.001362,MACA01 - MAFL01,PR,TSL,MODERNIZAÇÃO,FEITO,,MACA01 - MAFL01 (2023.001362),7/28/2023,55 - 33,
2023.000036,4G-FRBG01 - 4G-FRBG08,MG,TLE,NEW,FEITO,,4G-FRBG01 - 4G-FRBG08 (2023.000036),7/31/2023,,
2023.003109,BUIG03 -   JUBR01,MG,TLE,NEW,FEITO,,BUIG03 -   JUBR01 (2023.003109),7/31/2023,25 - 47,
2023.003037,4G-CLASI5 - 4G-PNBSI5,MS,TCO,NEW,FEITO,,4G-CLASI5 - 4G-PNBSI5 (2023.003037),7/31/2023,,
2023.003024,4G-SWYSI2 - 4G-SWYSI3,MS,TCO,NEW,FEITO,,4G-SWYSI2 - 4G-SWYSI3 (2023.003024),7/31/2023,,
2023.003023,4G-SWYSI1 - 4G-SWYSI2,MS,TCO,NEW,FEITO,,4G-SWYSI1 - 4G-SWYSI2 (2023.003023),7/31/2023,50 - 60 ou 60 - 50,
2023.003025,4G-SWYSI3 - 4G-SWYSI4,MS,TCO,NEW,FEITO,,4G-SWYSI3 - 4G-SWYSI4 (2023.003025),8/1/2023,,
2023.003040,4G-CLASI4 - 4G-PNBSI5,MS,TCO,NEW,FEITO,,4G-CLASI4 - 4G-PNBSI5 (2023.003040),8/1/2023,,
2023.000047,4G-GTUR03 - 4G-GTUR02,MG,TLE,VALIDAÇÃO,FEITO,,4G-GTUR03 - 4G-GTUR02 (2023.000047),8/1/2023,,
2023.000039,4G-FRBG04 - 4G-FRBG03,MG,TLE,VALIDAÇÃO,FEITO,1,4G-FRBG04 - 4G-FRBG03 (2023.000039),8/1/2023,,
2022.000661,4G-MGS187 - CGVH07,MG,TLE,,FEITO,1,4G-MGS187 - CGVH07 (2022.000661),8/1/2023,38-18 (ver se tem outro que precisa trocar altura),
2022.003139,JVVX01 - JVDF01,SC,TSL,MODERNIZAÇÃO,FEITO,1,JVVX01 - JVDF01 (2022.003139),8/2/2023,58 - 46,
2023.002757,BGVR06 - BGVR01,RS,TSL,MODERNIZAÇÃO,FEITO,1,BGVR06 - BGVR01 (2023.002757),8/2/2023,"37,5m - 31m",
2023.001363,PPPO01 - PPSH01,PR,TSL,MODERNIZAÇÃO,FEITO,1,PPPO01 - PPSH01 (2023.001363),8/2/2023,33 - 24,
2022.001963,4G-PCUR91 - PCUR17,MG,TLE,NOVO,FEITO,1,4G-PCUR91 - PCUR17 (2022.001963),8/2/2023,38 - 52,
2023.003174,JSMO01 - JSVL01,SC,TSL,MODERNIZAÇÃO,FEITO,2,JSMO01 - JSVL01 (2023.003174),8/3/2023,"34 - 41,6",
2022.000672,4G-MGS200 - IBTUMW02,MG,TLE,VALIDAÇÃO,FEITO,1,4G-MGS200 - IBTUMW02 (2022.000672),8/3/2023,,
2020.005937,GAJU01 - GAJU02,MA,TNO,,FEITO,1,GAJU01 - GAJU02 (2020.005937),8/3/2023,,
2023.002422,4G-PPSG90 - PPSMW01,GO,TCO,,FEITO,2,4G-PPSG90 - PPSMW01 (2023.002422),8/3/2023,,
2021.003013,4S-PRS002 - KOAG01,PR,TSL,,FEITO,1,4S-PRS002 - KOAG01 (2021.003013),8/4/2023,40 - 42,
2023.001648,SR-ADNS03 - CRZMW01,PR,TSL,,FEITO,2,SR-ADNS03 - CRZMW01 (2023.001648),8/4/2023,"37,5 - 47",
2023.001530,SQSQ01 - SQSQ00,CE,TNE,,FEITO,4,SQSQ01 - SQSQ00 (2023.001530),8/4/2023,"36,1 - 30",
2022.002942,BYBY01 - JPCE00,PB,TNE,,FEITO,1,BYBY01 - JPCE00 (2022.002942),8/7/2023,36 - 38,
2022.003507,VSVS03 - VSVS00,PE,TNE,,FEITO,2,VSVS03 - VSVS00 (2022.003507),8/7/2023,"31,5 - 25,5",
2022.000677,4G-NOTE91 - FALIMW01,MG,TLE,,FEITO,3,4G-NOTE91 - FALIMW01 (2022.000677),8/7/2023,,
2023.000466,4G-EKAG01 - AUIMW01,MG,TLE,,FEITO,4,4G-EKAG01 - AUIMW01 (2023.000466),8/7/2023,,
2023.002715,POJQ01 - POCN01,MG,TLE,,MAYARA,1,POJQ01 - POCN01 (2023.002715),8/8/2023,40.5,
2022.003150,PSVH01 - PSVG14,MG,TLE,,FEITO,2,PSVH01 - PSVG14 (2022.003150),8/8/2023,37-28,
2022.003120,4G-ANS060 - ANS048,GO,TCO,,FEITO,4,4G-ANS060 - ANS048 (2022.003120),8/8/2023,,
2023.002865,NMTR01 - SNAT01,RS,TSL,,FEITO,1,NMTR01 - SNAT01 (2023.002865),8/9/2023,41.5 - 67.5,
2023.002864,TBPA01 - PR5040,PR,TSL,VALIDAÇÃO,FEITO,2,TBPA01 - PR5040 (2023.002864),8/9/2023,57 - 58,
2023.001364,PPCA01 - PPPE01,PR,TSL,MODERNIZAÇÃO,FEITO,3,PPCA01 - PPPE01 (2023.001364),8/9/2023,"30,5 - 37,5",
2017.000949,CXMS01 - CXMMW02,MS,TCO,,FEITO,1,CXMS01 - CXMMW02 (2017.000949),8/10/2023,,
2022.003414,CZCZ01 - CZCZ02,PB,TNE,MODERNIZAÇÃO,FEITO,2,CZCZ01 - CZCZ02 (2022.003414),8/10/2023,"46,5 - 46,5",
2022.003419,4G-CMBH67 - DQMMW01,MG,TLE,,FEITO,3,4G-CMBH67 - DQMMW01 (2022.003419),8/10/2023,54 - 32,
2023.002413,4G-CCZG91 - 4G-CCZG90,GO,TCO,,FEITO,1,4G-CCZG91 - 4G-CCZG90 (2023.002413),8/10/2023,,
2023.002944,4G-CCZG93 - 4G-CCZG90,GO,TCO,,FEITO,1,4G-CCZG93 - 4G-CCZG90 (2023.002944),8/10/2023,,
2023.003607,SN-PARD08 - PAVG13,MG,TLE,,FEITO,1,SN-PARD08 - PAVG13 (2023.003607),8/11/2023,,
2023.000427,PETR10 - RJMW32,RJ,TRJ,,FEITO,2,PETR10 - RJMW32 (2023.000427),8/11/2023,"49 - 20,5",
2023.002995,CPGZ30 - SFIT05,RJ,TRJ,,FEITO,3,CPGZ30 - SFIT05 (2023.002995),8/11/2023,40 - 24,
2018.004169,NLSACD48 - SACD06,BA,TNE,,FEITO,4,NLSACD48 - SACD06 (2018.004169),8/14/2023,,
2021.006845,SR-SCS106 - FNKT01,SC,TSL,,FEITO,1,SR-SCS106 - FNKT01 (2021.006845),8/14/2023,41.9 - 46,
2023.002997,CPGZ22 - CPGZ04,RJ,TRJ,,FEITO,2,CPGZ22 - CPGZ04 (2023.002997),8/14/2023,51.5 - 37,
2023.002412,4G-CCZG90 - 4G-CMGG90,GO,TCO,,FEITO,1,4G-CCZG90 - 4G-CMGG90 (2023.002412),8/14/2023,,
2023.002405,4G-URCG91 - 4G-SNDG91,GO,TCO,,FEITO,2,4G-URCG91 - 4G-SNDG91 (2023.002405),8/14/2023,,
2023.001645,SR-BPIR13 - BPIR02,RJ,TRJ,,FEITO,1,SR-BPIR13 - BPIR02 (2023.001645),8/15/2023,37 - 46,
2023.003606,SN-BMRD01 - CGVH07,MG,TLE,,FEITO,,SN-BMRD01 - CGVH07 (2023.003606),8/15/2023,,
2023.003618,PPVG90 - RP10,MG,TLE,,FEITO,,PPVG90 - RP10 (2023.003618),8/15/2023,52 - 40,
2023.002435,MRCA05 - MRCA09,RJ,TRJ,,FEITO,1,MRCA05 - MRCA09 (2023.002435),8/15/2023,26 - 27,
2022.003147,TYTY00 - VCVC00,CE,TNE,,FEITO,1,TYTY00 - VCVC00 (2022.003147),8/16/2023,30 - 46,
2022.003411,IWIW00 - MUREMW01,PE,TNE,,FEITO,2,IWIW00 - MUREMW01 (2022.003411),8/17/2023,42 - 25,
2022.003420,GUGU02 - GUGU04,PE,TNE,,FEITO,3,GUGU02 - GUGU04 (2022.003420),8/17/2023,"24,5 - 19,5",
2023.003611,SN-PARD09 - RP10,MG,TLE,,FEITO,1,SN-PARD09 - RP10 (2023.003611),8/17/2023,,
2023.003613,SN-ADRD01 - ADVG30,MG,TLE,W2115,FEITO,2,SN-ADRD01 - ADVG30 (2023.003613),8/17/2023,,
2023.001382,SFUB01 - SFMO01,SC,TSL,,FEITO,,SFUB01 - SFMO01 (2023.001382),8/18/2023,"37,5 - 38",
2023.001529,CYCY00 - CYCY01,CE,TNE,,FEITO,,CYCY00 - CYCY01 (2023.001529),8/18/2023,15 - 15,
2023.002778,TUCI09 - BUBOMW03,PA,TNO,,FEITO,,TUCI09 - BUBOMW03 (2023.002778),8/21/2023,,
2023.002779,BUBOMW03 - GOPA01,PA,TNO,,FEITO,,BUBOMW03 - GOPA01 (2023.002779),8/21/2023,,
2023.003404,SR-MRCA17 - MRCA10,RJ,TRJ,,FEITO,,SR-MRCA17 - MRCA10 (2023.003404),8/21/2023,35 - 29,
2023.003614,SN-PORD03 - POVG62,MG,TLE,,FEITO,,SN-PORD03 - POVG62 (2023.003614),8/21/2023,47 - 40,
2023.003597,SN-PCRD06-NLPCUR22,MG,TLE,,FEITO,,SN-PCRD06-NLPCUR22 (2023.003597),8/22/2023,,
2023.003059,4G-INOSJ1 - PNBMW01,MS,TCO,,FEITO,,4G-INOSJ1 - PNBMW01 (2023.003059),8/22/2023,,
2023.003401,SR-MCAE32-MCAE15,RJ,TRJ,,FEITO,,SR-MCAE32-MCAE15 (2023.003401),8/22/2023,21 - 38,
2023.000075,4G-PLUR70 - 4G-FRBG01,MG,TLE,,FEITO,,4G-PLUR70 - 4G-FRBG01 (2023.000075),8/23/2023,,
2022.001661,SR-UCUCJ3 - BEDMW01,PI,TNE,,FEITO,,SR-UCUCJ3 - BEDMW01 (2022.001661),8/23/2023,,
2023.000094,4G-PDFTG3 - RDBSMW02,TO,TCO,,FEITO,,4G-PDFTG3 - RDBSMW02 (2023.000094),8/23/2023,,
2019.004017,VTFS01 - CEFS01,BA,TNE,,FEITO,,VTFS01 - CEFS01 (2019.004017),8/24/2023,49-54,
2022.002974,JVRB01 - JVFP01,SC,TSL,,FEITO,1,JVRB01 - JVFP01 (2022.002974),8/25/2023,"23,5-39,5",
,OUFMW01,,,,FEITO,1,OUFMW01 (),8/25/2023,JUNTAR SCI,
2023.102980,AACE02 - IPPA02,PR,TSL,,FEITO,2,AACE02 - IPPA02 (2023.102980),8/25/2023,,
2023.003595,SN-MRRD02 - MOOMW01,MG,TLE,,FEITO,,SN-MRRD02 - MOOMW01 (2023.003595),8/25/2023,47 - 68,
2019.003261,PAUR02 - PAUR03,PA,TNO,,FEITO,1,PAUR02 - PAUR03 (2019.003261),8/28/2023,77-65,
2023.003617,PTCMW01 - PCUR17,MG,TLE,,FEITO,1,PTCMW01 - PCUR17 (2023.003617),8/28/2023,31-33,
2023.003583,SN-PLRD01 - CNUR01,MG,TLE,,FEITO,2,SN-PLRD01 - CNUR01 (2023.003583),8/28/2023,,
2022.003508,MCSB01 - SLIQJA01,SP,TSP,,FEITO,1,MCSB01 - SLIQJA01 (2022.003508),8/28/2023,,
2023.003620,IPVH08 - SRVH09,MG,TLE,,FEITO,1,IPVH08 - SRVH09 (2023.003620),8/29/2023,27-31,
2023.000625,SR-IOCE03 - IOTC02,SC,TSL,,FEITO,1,SR-IOCE03 - IOTC02 (2023.000625),8/29/2023,"38-37,3",
2023.003587,SN-URRD05 - URSJ11,MG,TLE,,FEITO,,SN-URRD05 - URSJ11 (2023.003587),8/29/2023,47-62,
2023.003588,SN-TYRD03 - SN-URRD05,MG,TLE,,FEITO,,SN-TYRD03 - SN-URRD05 (2023.003588),8/29/2023,48-48,
2023.003586,SN-NPRD03 - IDMMW01,MG,TLE,,FEITO,,SN-NPRD03 - IDMMW01 (2023.003586),8/29/2023,48-51,
2023.003465,4G-PBNG05 - BRAA04,GO,TCO,,FEITO,,4G-PBNG05 - BRAA04 (2023.003465),8/30/2023,"38-19,5",
2023.003584,SN-UBRD03 - UBUR14,MG,TLE,,FEITO,,SN-UBRD03 - UBUR14 (2023.003584),8/30/2023,47-46,
2023.003598,SN-PZRD02 - SN-PCRD06,MG,TLE,,FEITO,1,SN-PZRD02 - SN-PCRD06 (2023.003598),8/30/2023,48-48,
2023.003441,SR-SXTR02 - MUCE01,SC,TSL,,FEITO,,SR-SXTR02 - MUCE01 (2023.003441),8/30/2023,"37,5 - 47",
2023.002751,SR-GRSU02 - GRMO01,SC,TSL,,FEITO,1,SR-GRSU02 - GRMO01 (2023.002751),8/30/2023,"67,5 - 29",
2022.001094,4G-TTTQ01 - 3SLTTCU02,SP,TSP,,FEITO,2,4G-TTTQ01 - 3SLTTCU02 (2022.001094),8/30/2023,,
2022.003207,5G-MNSOB6 - MNSN17,AM,TNO,,FEITO,1,5G-MNSOB6 - MNSN17 (2022.003207),9/4/2023,"20,5 - 45",
2023.003392,4G-BGJF01 - BGCT01,SP,TSP,,FEITO,2,4G-BGJF01 - BGCT01 (2023.003392),9/1/2023,"30 - 49,5",
2022.003078,CPSI01 - CPVM01,SP,TSP,,PARADO,,CPSI01 - CPVM01 (2022.003078),,SEM EVIDENCIAS,
2023.000616,XPXP00 - OHOH00,PB,TNE,,FEITO,,XPXP00 - OHOH00 (2023.000616),9/1/2023,"28,5 - 48,5",
2022.001412,4G-GSGV01 - GSRD02,SP,TSP,,FEITO,1,4G-GSGV01 - GSRD02 (2022.001412),9/6/2023,esperando docs ponta A,
2022.003416,QMQM00 - QMQM01,PB,TNE,,FEITO,1,QMQM00 - QMQM01 (2022.003416),9/5/2023,FALTA FOTOS ENERGIA (JA TROQUEI A ALTURA),
2022.001025,PLPR00-OLBD00,PE,TNE,,FEITO,,PLPR00-OLBD00 (2022.001025),9/4/2023,"47-54,5",
2023.002197,PIMMW01 - HWHW00,PE,TNE,,FEITO,,PIMMW01 - HWHW00 (2023.002197),9/5/2023,23-57,
2023.003468,4G-VPIO23 - VPIO01,GO,TCO,,FEITO,2,4G-VPIO23 - VPIO01 (2023.003468),9/5/2023,38 - 56,
2023.003002,PETR21 - RJMW32,RJ,TRJ,,FEITO,2,PETR21 - RJMW32 (2023.003002),9/5/2023,10 - 38,
2023.002431,NLGURT03 - NLGURT02,TO,TCO,,PARADO,2,NLGURT03 - NLGURT02 (2023.002431),9/11/2023,E-MAIL ver com a MAYARA,
2023.003434,SR-PQLT08 - PINC01,PR,TSL,,FEITO,,SR-PQLT08 - PINC01 (2023.003434),9/4/2023,"33 - 50,5 ",
2023.003574,SR-BHBHJ7 - BHBH00,CE,TNE,,FEITO,,SR-BHBHJ7 - BHBH00 (2023.003574),9/8/2023,,
2023.003445,4G-CDOL14 (33m) - SSYS04 (70m),GO,TCO,,FEITO,1,4G-CDOL14 (33m) - SSYS04 (70m) (2023.003445),9/12/2023,,
,CALCUCLO,,,,,,,,,
2023.003443,4G_ALXG05 (36m) -ALXG02 (66m),GO,TCO,,FEITO,1,4G_ALXG05 (36m) -ALXG02 (66m) (2023.003443),9/12/2023,36,
2023.003458,5G-SOBD35 - SOBD08,DF,TCO,,FEITO,1,5G-SOBD35 - SOBD08 (2023.003458),9/13/2023,33 - 62,
2023.003628,4G-SLSOA5 - SLSC23,MA,TNO,,FEITO,1,4G-SLSOA5 - SLSC23 (2023.003628),9/13/2023,,
2023.003397,4G-MRUG01 - SP7409,SP,TSP,,FEITO,1,4G-MRUG01 - SP7409 (2023.003397),9/14/2023,,
2022.003421,SMSM03 - CMAM00,PE,TNE,,FEITO,,SMSM03 - CMAM00 (2022.003421),9/8/2023,20 - 20,
2023.003627,4G-ALCTJ5 - NLALCT01,MA,TNO,,FEITO,,4G-ALCTJ5 - NLALCT01 (2023.003627),9/14/2023,,
2023.002403,4G-VPPO92 - 4G-BALG01,GO,TCO,,FEITO,,4G-VPPO92 - 4G-BALG01 (2023.002403),9/14/2023,68 - 60,
2023.003053,4G-CLASI0 - 4G-CSF0I2,MS,TCO,,FEITO,,4G-CLASI0 - 4G-CSF0I2 (2023.003053),9/15/2023,65 (PONTA A),
2023.003054,4G-CSF0I2 - 4G-CSF0J1,MS,TCO,,FEITO,,4G-CSF0I2 - 4G-CSF0J1 (2023.003054),9/15/2023,38-56,
2023.003055,4G-CLASI1 - 4G-CSF0I2,MS,TCO,,FEITO,,4G-CLASI1 - 4G-CSF0I2 (2023.003055),9/15/2023,68-40,
3392,,,,,,,,,,
2023.003391,4G-AVJT01 - AVBB01,,,,FEITO,,4G-AVJT01 - AVBB01 (2023.003391),,ponta a 28m,
2023.003911,SR-PILL15 - COSM01,PR,TSL,,FEITO,,SR-PILL15 - COSM01 (2023.003911),9/18/2023,,
2023.003394,4G-TICT06 - NLTICT12,SP,TSP,,FEITO,,4G-TICT06 - NLTICT12 (2023.003394),9/18/2023,PONTA B 36m,
2023.003396,4G-YAFG01 - SI9058,SP,TSP,,FEITO,,4G-YAFG01 - SI9058 (2023.003396),9/18/2023,,
2022.003115,4G-GPSG03 - TRGG01,GO,TCO,,FEITO,,4G-GPSG03 - TRGG01 (2022.003115),8/19/2023,,
2023.003910,SR-BLFF02 - BLIR01,SC,TSL,,FEITO,,SR-BLFF02 - BLIR01 (2023.003910),9/20/2023,,
2022.000454,GPSG01 - TRGG01,GO,TCO,,FEITO,,GPSG01 - TRGG01 (2022.000454),9/20/2023,falta fotos,
2023.003467,4G-PWLG08 - PWLG02,GO,TCO,,FEITO,,4G-PWLG08 - PWLG02 (2023.003467),9/20/2023,"43 - 40,8",
2022.002946,BLBL00 - MPMP00,AL,TNE,,PARADO,,BLBL00 - MPMP00 (2022.002946),9/20/2023,45 - 37,
2023.003466,4G-PWLG09 - PWLG01,GO,TCO,,FEITO,,4G-PWLG09 - PWLG01 (2023.003466),9/22/2023,38 - 54,
2022.000424,CRLZ03 - EDRA03,PA,TNO,,A FAZER,,CRLZ03 - EDRA03 (2022.000424),9/22/2023,,
2022.000426,PAUR09 - PAMW01,PA,TNO,,FEITO,,PAUR09 - PAMW01 (2022.000426),9/25/2023,49-50,
2022.000427,PAMW01 - CRLZ03,PA,TNO,,FEITO,,PAMW01 - CRLZ03 (2022.000427),9/25/2023,,
,BAIXAR PL5,,,,FEITO,,BAIXAR PL5 (),9/26/2023,,
2023.003913,SR-BLIC03 (33m)  - SCMW05 (40m),SC,TSL,,FEITO,,SR-BLIC03 (33m)  - SCMW05 (40m) (2023.003913),9/26/2023,,
2022.001407,4G-RHRA01 - DOCT01,SP,TSP,,FEITO,,4G-RHRA01 - DOCT01 (2022.001407),9/26/2023,53-57,
2023.003206,CPAV01 (27m)  - CPSA01 (39m),SP,TSP,,FEITO,,CPAV01 (27m)  - CPSA01 (39m) (2023.003206),9/27/2023,27 - 39,
2022.000972,CDAI01 - CDMO01,,,,FEITO,,CDAI01 - CDMO01 (2022.000972),,62-37,
2022.002397,TBLMW01 - NRNR00,CE,TNE,,TROCAR ALTURA,,TBLMW01 - NRNR00 (2022.002397),9/28/2023,,
2022.002781,4G-MNSCH4 - MNSC37,AM,TNO,,FEITO,,4G-MNSCH4 - MNSC37 (2022.002781),9/29/2023,,
,RHRA01,,,,,,,,,
2022.002776,4G-MNSCI8 - MNSC13,AM,TNO,,FEITO,,4G-MNSCI8 - MNSC13 (2022.002776),10/2/2023,,
2023.003058,7NLPNBS01,,,,FEITO,,66M,,,
2023.003575,SR-BHBHJ6 - BHBH01,CE,TNE,,FEITO,,SR-BHBHJ6 - BHBH01 (2023.003575),10/3/2023,58 - 20,
2023.003401,,,,,,,,,,
2021.007061,JMJM00 - CRAD00,PE,TNE,,FEITO,,JMJM00 - CRAD00 (2021.007061),10/4/2023,44 - 22,
2023.003446,5G-GNA825 - NLGNA771,GO,TCO,,FEITO,,5G-GNA825 - NLGNA771 (2023.003446),10/4/2023,,
2023.000055,4G-PABB31 - 4G-IUSS08,MG,TLE,,FEITO,,4G-PABB31 - 4G-IUSS08 (2023.000055),10/4/2023,,
2023.003404,SR-MRCA17 - MRCA09,RJ,TRJ,,FEITO,,SR-MRCA17 - MRCA09 (2023.003404),10/5/2023,35-27,
2023.002419,,,,,feito,,,,,
2023.002420,COORDENADAS 57,,,,FEITO,,,,,
2023.002946,,,,,FEITO,,,,,
2023.000006,4G-RZBB91 - 4G-KGBB91,SP,TSP,,FEITO,,4G-RZBB91 - 4G-KGBB91 (2023.000006),10/9/2023,,
,,,,,,,,,,
